Time,CORE_ZN:LAS_VEGAS ANN HTG 99.6% CONDNS DB:Des Heat Load [W],CORE_ZN:LAS_VEGAS ANN CLG .4% CONDNS WB=>MDB:Des Sens Cool Load [W],CORE_ZN:LAS_VEGAS ANN HTG 99.6% CONDNS DB:Des Heat Mass Flow [kg/s],CORE_ZN:LAS_VEGAS ANN CLG .4% CONDNS WB=>MDB:Des Cool Mass Flow [kg/s],PERIMETER_ZN_1:LAS_VEGAS ANN HTG 99.6% CONDNS DB:Des Heat Load [W],PERIMETER_ZN_1:LAS_VEGAS ANN CLG .4% CONDNS WB=>MDB:Des Sens Cool Load [W],PERIMETER_ZN_1:LAS_VEGAS ANN HTG 99.6% CONDNS DB:Des Heat Mass Flow [kg/s],PERIMETER_ZN_1:LAS_VEGAS ANN CLG .4% CONDNS WB=>MDB:Des Cool Mass Flow [kg/s],PERIMETER_ZN_2:LAS_VEGAS ANN HTG 99.6% CONDNS DB:Des Heat Load [W],PERIMETER_ZN_2:LAS_VEGAS ANN CLG .4% CONDNS WB=>MDB:Des Sens Cool Load [W],PERIMETER_ZN_2:LAS_VEGAS ANN HTG 99.6% CONDNS DB:Des Heat Mass Flow [kg/s],PERIMETER_ZN_2:LAS_VEGAS ANN CLG .4% CONDNS WB=>MDB:Des Cool Mass Flow [kg/s],PERIMETER_ZN_3:LAS_VEGAS ANN HTG 99.6% CONDNS DB:Des Heat Load [W],PERIMETER_ZN_3:LAS_VEGAS ANN CLG .4% CONDNS WB=>MDB:Des Sens Cool Load [W],PERIMETER_ZN_3:LAS_VEGAS ANN HTG 99.6% CONDNS DB:Des Heat Mass Flow [kg/s],PERIMETER_ZN_3:LAS_VEGAS ANN CLG .4% CONDNS WB=>MDB:Des Cool Mass Flow [kg/s],PERIMETER_ZN_4:LAS_VEGAS ANN HTG 99.6% CONDNS DB:Des Heat Load [W],PERIMETER_ZN_4:LAS_VEGAS ANN CLG .4% CONDNS WB=>MDB:Des Sens Cool Load [W],PERIMETER_ZN_4:LAS_VEGAS ANN HTG 99.6% CONDNS DB:Des Heat Mass Flow [kg/s],PERIMETER_ZN_4:LAS_VEGAS ANN CLG .4% CONDNS WB=>MDB:Des Cool Mass Flow [kg/s]
00:10:00,2.632039E+03,4.518792E+02,1.358214E-01,3.486495E-02,3.468484E+03,4.376267E+02,1.789938E-01,3.376517E-02,2.190649E+03,3.892785E+02,1.130487E-01,3.003608E-02,3.344041E+03,4.568130E+02,1.725718E-01,3.524560E-02,2.185669E+03,4.851399E+02,1.127917E-01,3.743309E-02
00:20:00,2.632053E+03,4.686510E+02,1.358222E-01,3.615928E-02,3.468489E+03,4.492300E+02,1.789941E-01,3.466064E-02,2.190653E+03,3.958187E+02,1.130489E-01,3.054090E-02,3.344047E+03,4.700012E+02,1.725721E-01,3.626339E-02,2.185672E+03,4.941783E+02,1.127919E-01,3.813061E-02
00:30:00,2.632066E+03,4.826471E+02,1.358228E-01,3.723942E-02,3.468494E+03,4.583232E+02,1.789943E-01,3.536242E-02,2.190656E+03,4.008626E+02,1.130491E-01,3.093021E-02,3.344052E+03,4.805080E+02,1.725724E-01,3.707425E-02,2.185675E+03,5.012746E+02,1.127920E-01,3.867826E-02
00:40:00,2.632079E+03,4.944986E+02,1.358235E-01,3.815406E-02,3.468499E+03,4.651755E+02,1.789946E-01,3.589127E-02,2.190659E+03,4.046553E+02,1.130492E-01,3.122294E-02,3.344058E+03,4.887374E+02,1.725727E-01,3.770937E-02,2.185678E+03,5.066566E+02,1.127921E-01,3.909361E-02
00:50:00,2.632091E+03,5.045058E+02,1.358241E-01,3.892637E-02,3.468503E+03,4.702308E+02,1.789948E-01,3.628145E-02,2.190662E+03,4.075908E+02,1.130494E-01,3.144948E-02,3.344062E+03,4.951396E+02,1.725729E-01,3.820348E-02,2.185680E+03,5.105374E+02,1.127923E-01,3.939310E-02
01:00:00,2.632103E+03,5.131962E+02,1.358247E-01,3.959706E-02,3.468507E+03,4.737837E+02,1.789950E-01,3.655567E-02,2.190665E+03,4.096244E+02,1.130495E-01,3.160639E-02,3.344067E+03,4.997961E+02,1.725732E-01,3.856287E-02,2.185682E+03,5.131203E+02,1.127924E-01,3.959241E-02
01:10:00,2.632115E+03,5.232818E+02,1.358254E-01,4.037536E-02,3.468516E+03,4.782013E+02,1.789955E-01,3.689659E-02,2.190671E+03,4.121447E+02,1.130498E-01,3.180085E-02,3.344076E+03,5.051949E+02,1.725736E-01,3.897951E-02,2.185688E+03,5.159436E+02,1.127927E-01,3.981026E-02
01:20:00,2.632127E+03,5.322920E+02,1.358260E-01,4.107071E-02,3.468525E+03,4.816446E+02,1.789959E-01,3.716234E-02,2.190677E+03,4.140554E+02,1.130501E-01,3.194828E-02,3.344085E+03,5.095063E+02,1.725741E-01,3.931225E-02,2.185694E+03,5.179606E+02,1.127930E-01,3.996588E-02
01:30:00,2.632138E+03,5.403577E+02,1.358266E-01,4.169317E-02,3.468534E+03,4.842649E+02,1.789964E-01,3.736458E-02,2.190683E+03,4.154410E+02,1.130504E-01,3.205519E-02,3.344094E+03,5.128897E+02,1.725746E-01,3.957338E-02,2.185700E+03,5.192963E+02,1.127933E-01,4.006893E-02
01:40:00,2.632150E+03,5.476157E+02,1.358272E-01,4.225331E-02,3.468543E+03,4.862061E+02,1.789968E-01,3.751441E-02,2.190688E+03,4.163864E+02,1.130507E-01,3.212813E-02,3.344102E+03,5.154924E+02,1.725750E-01,3.977427E-02,2.185705E+03,5.200662E+02,1.127936E-01,4.012832E-02
01:50:00,2.632161E+03,5.541890E+02,1.358277E-01,4.276060E-02,3.468551E+03,4.875916E+02,1.789973E-01,3.762137E-02,2.190693E+03,4.169673E+02,1.130510E-01,3.217294E-02,3.344110E+03,5.174379E+02,1.725754E-01,3.992444E-02,2.185711E+03,5.203693E+02,1.127938E-01,4.015167E-02
02:00:00,2.632171E+03,5.601854E+02,1.358283E-01,4.322337E-02,3.468559E+03,4.885269E+02,1.789977E-01,3.769358E-02,2.190699E+03,4.172505E+02,1.130512E-01,3.219478E-02,3.344118E+03,5.188247E+02,1.725758E-01,4.003150E-02,2.185716E+03,5.202900E+02,1.127941E-01,4.014553E-02
02:10:00,2.632181E+03,5.655052E+02,1.358288E-01,4.363393E-02,3.468567E+03,4.889217E+02,1.789981E-01,3.772408E-02,2.190704E+03,4.171840E+02,1.130515E-01,3.218964E-02,3.344126E+03,5.195504E+02,1.725762E-01,4.008755E-02,2.185721E+03,5.197898E+02,1.127944E-01,4.010691E-02
02:20:00,2.632191E+03,5.702282E+02,1.358293E-01,4.399844E-02,3.468574E+03,4.888466E+02,1.789985E-01,3.771832E-02,2.190708E+03,4.168161E+02,1.130517E-01,3.216124E-02,3.344134E+03,5.196987E+02,1.725766E-01,4.009904E-02,2.185726E+03,5.189279E+02,1.127946E-01,4.004038E-02
02:30:00,2.632201E+03,5.744221E+02,1.358298E-01,4.432211E-02,3.468582E+03,4.883558E+02,1.789989E-01,3.768049E-02,2.190713E+03,4.161882E+02,1.130520E-01,3.211278E-02,3.344141E+03,5.194523E+02,1.725770E-01,4.008007E-02,2.185730E+03,5.177548E+02,1.127949E-01,3.994984E-02
02:40:00,2.632210E+03,5.781437E+02,1.358303E-01,4.460933E-02,3.468589E+03,4.874757E+02,1.789992E-01,3.761261E-02,2.190718E+03,4.153363E+02,1.130522E-01,3.204703E-02,3.344148E+03,5.189083E+02,1.725773E-01,4.003813E-02,2.185735E+03,5.163139E+02,1.127951E-01,3.983863E-02
02:50:00,2.632220E+03,5.814403E+02,1.358308E-01,4.486376E-02,3.468596E+03,4.862949E+02,1.789996E-01,3.752155E-02,2.190722E+03,4.142915E+02,1.130525E-01,3.196639E-02,3.344155E+03,5.181518E+02,1.725777E-01,3.997976E-02,2.185740E+03,5.146424E+02,1.127953E-01,3.970963E-02
03:00:00,2.632228E+03,5.843494E+02,1.358312E-01,4.508829E-02,3.468603E+03,4.849107E+02,1.789999E-01,3.741477E-02,2.190727E+03,4.130810E+02,1.130527E-01,3.187297E-02,3.344162E+03,5.172619E+02,1.725780E-01,3.991109E-02,2.185744E+03,5.127729E+02,1.127956E-01,3.956536E-02
03:10:00,2.632237E+03,5.867026E+02,1.358317E-01,4.526992E-02,3.468609E+03,4.832056E+02,1.790003E-01,3.728322E-02,2.190731E+03,4.116166E+02,1.130529E-01,3.175997E-02,3.344168E+03,5.161610E+02,1.725784E-01,3.982612E-02,2.185748E+03,5.106214E+02,1.127958E-01,3.939932E-02
03:20:00,2.632246E+03,5.885102E+02,1.358321E-01,4.540945E-02,3.468616E+03,4.812324E+02,1.790006E-01,3.713096E-02,2.190735E+03,4.099173E+02,1.130531E-01,3.162883E-02,3.344175E+03,5.148940E+02,1.725787E-01,3.972831E-02,2.185752E+03,5.082099E+02,1.127960E-01,3.921323E-02
03:30:00,2.632254E+03,5.897391E+02,1.358325E-01,4.550433E-02,3.468622E+03,4.790403E+02,1.790009E-01,3.696180E-02,2.190739E+03,4.079991E+02,1.130533E-01,3.148081E-02,3.344181E+03,5.133880E+02,1.725790E-01,3.961207E-02,2.185756E+03,5.055578E+02,1.127962E-01,3.900857E-02
03:40:00,2.632262E+03,5.904880E+02,1.358329E-01,4.556219E-02,3.468628E+03,4.766921E+02,1.790013E-01,3.678059E-02,2.190743E+03,4.058764E+02,1.130535E-01,3.131700E-02,3.344187E+03,5.116435E+02,1.725793E-01,3.947743E-02,2.185760E+03,5.026820E+02,1.127964E-01,3.878665E-02
03:50:00,2.632270E+03,5.909013E+02,1.358333E-01,4.559413E-02,3.468634E+03,4.741765E+02,1.790016E-01,3.658644E-02,2.190747E+03,4.035617E+02,1.130537E-01,3.113838E-02,3.344193E+03,5.096639E+02,1.725797E-01,3.932465E-02,2.185764E+03,4.995977E+02,1.127966E-01,3.854864E-02
04:00:00,2.632277E+03,5.910545E+02,1.358337E-01,4.560597E-02,3.468640E+03,4.714648E+02,1.790019E-01,3.637717E-02,2.190750E+03,4.010668E+02,1.130539E-01,3.094585E-02,3.344198E+03,5.074547E+02,1.725799E-01,3.915416E-02,2.185768E+03,4.963186E+02,1.127968E-01,3.829560E-02
04:10:00,2.632285E+03,5.912143E+02,1.358341E-01,4.561830E-02,3.468646E+03,4.687374E+02,1.790022E-01,3.616669E-02,2.190754E+03,3.985150E+02,1.130541E-01,3.074894E-02,3.344204E+03,5.051907E+02,1.725802E-01,3.897944E-02,2.185772E+03,4.929703E+02,1.127970E-01,3.803723E-02
04:20:00,2.632292E+03,5.914555E+02,1.358345E-01,4.563688E-02,3.468651E+03,4.660000E+02,1.790024E-01,3.595545E-02,2.190758E+03,3.959182E+02,1.130543E-01,3.054856E-02,3.344210E+03,5.028818E+02,1.725805E-01,3.880126E-02,2.185775E+03,4.895670E+02,1.127972E-01,3.777461E-02
04:30:00,2.632299E+03,5.918870E+02,1.358349E-01,4.567015E-02,3.468657E+03,4.632605E+02,1.790027E-01,3.574405E-02,2.190761E+03,3.932875E+02,1.130545E-01,3.034555E-02,3.344215E+03,5.005384E+02,1.725808E-01,3.862043E-02,2.185779E+03,4.861214E+02,1.127974E-01,3.750872E-02
04:40:00,2.632306E+03,5.924794E+02,1.358352E-01,4.571579E-02,3.468662E+03,4.605269E+02,1.790030E-01,3.553311E-02,2.190764E+03,3.906332E+02,1.130546E-01,3.014074E-02,3.344220E+03,4.981707E+02,1.725811E-01,3.843772E-02,2.185782E+03,4.826453E+02,1.127975E-01,3.724049E-02
04:50:00,2.632313E+03,5.931527E+02,1.358356E-01,4.576769E-02,3.468667E+03,4.578091E+02,1.790033E-01,3.532338E-02,2.190768E+03,3.879746E+02,1.130548E-01,2.993559E-02,3.344225E+03,4.957940E+02,1.725813E-01,3.825431E-02,2.185785E+03,4.791503E+02,1.127977E-01,3.697080E-02
05:00:00,2.632319E+03,5.939262E+02,1.358359E-01,4.582734E-02,3.468672E+03,4.553946E+02,1.790035E-01,3.513706E-02,2.190771E+03,3.882840E+02,1.130550E-01,2.995944E-02,3.344230E+03,4.948858E+02,1.725816E-01,3.818421E-02,2.185789E+03,4.758176E+02,1.127979E-01,3.671363E-02
05:10:00,2.632326E+03,5.955617E+02,1.358362E-01,4.595350E-02,3.468677E+03,4.547219E+02,1.790038E-01,3.508514E-02,2.190774E+03,3.987914E+02,1.130551E-01,3.077019E-02,3.344235E+03,4.990968E+02,1.725818E-01,3.850912E-02,2.185792E+03,4.735352E+02,1.127980E-01,3.653751E-02
05:20:00,2.632332E+03,5.983897E+02,1.358366E-01,4.617169E-02,3.468682E+03,4.564483E+02,1.790040E-01,3.521835E-02,2.190777E+03,4.217147E+02,1.130553E-01,3.253910E-02,3.344240E+03,5.087214E+02,1.725821E-01,3.925179E-02,2.185795E+03,4.727063E+02,1.127982E-01,3.647354E-02
05:30:00,2.632338E+03,6.027664E+02,1.358369E-01,4.650940E-02,3.468686E+03,4.613223E+02,1.790043E-01,3.559443E-02,2.190780E+03,4.610372E+02,1.130554E-01,3.557353E-02,3.344244E+03,5.238870E+02,1.725823E-01,4.042203E-02,2.185798E+03,4.737282E+02,1.127983E-01,3.655241E-02
05:40:00,2.632344E+03,6.087967E+02,1.358372E-01,4.697446E-02,3.468691E+03,4.693599E+02,1.790045E-01,3.621448E-02,2.190783E+03,5.165581E+02,1.130556E-01,3.985782E-02,3.344249E+03,5.430296E+02,1.725825E-01,4.189897E-02,2.185801E+03,4.764968E+02,1.127985E-01,3.676590E-02
05:50:00,2.632350E+03,6.169107E+02,1.358375E-01,4.760005E-02,3.468695E+03,4.808275E+02,1.790047E-01,3.709902E-02,2.190786E+03,5.880629E+02,1.130557E-01,4.537510E-02,3.344253E+03,5.653534E+02,1.725828E-01,4.362115E-02,2.185804E+03,4.810631E+02,1.127986E-01,3.711792E-02
06:00:00,2.632356E+03,6.270287E+02,1.358378E-01,4.838025E-02,3.468700E+03,4.954204E+02,1.790049E-01,3.822471E-02,2.190788E+03,6.717233E+02,1.130559E-01,5.183035E-02,3.344257E+03,5.885987E+02,1.725830E-01,4.541443E-02,2.185807E+03,4.871572E+02,1.127988E-01,3.758784E-02
06:10:00,2.475875E+03,1.393190E+03,1.277629E-01,1.159132E-01,3.381263E+03,1.111674E+03,1.744927E-01,9.278146E-02,2.132497E+03,1.178605E+03,1.100477E-01,9.792128E-02,3.256820E+03,1.222211E+03,1.680707E-01,1.017876E-01,2.127515E+03,8.880838E+02,1.097906E-01,7.383037E-02
06:20:00,2.319347E+03,1.993352E+03,1.196866E-01,1.766914E-01,3.293820E+03,1.615833E+03,1.699806E-01,1.436862E-01,2.074203E+03,1.619384E+03,1.070398E-01,1.427982E-01,3.169377E+03,1.732358E+03,1.635587E-01,1.535673E-01,2.069221E+03,1.216416E+03,1.067827E-01,1.075581E-01
06:30:00,2.162788E+03,2.539184E+03,1.116089E-01,2.323313E-01,3.206362E+03,2.073934E+03,1.654684E-01,1.902617E-01,2.015900E+03,2.019174E+03,1.040319E-01,1.841285E-01,3.081920E+03,2.189715E+03,1.590464E-01,2.004158E-01,2.010918E+03,1.511298E+03,1.037748E-01,1.381302E-01
06:40:00,2.006204E+03,3.054631E+03,1.035299E-01,2.850327E-01,3.118886E+03,2.507026E+03,1.609556E-01,2.344456E-01,1.957586E+03,2.394490E+03,1.010236E-01,2.233951E-01,2.994445E+03,2.617760E+03,1.545336E-01,2.444696E-01,1.952604E+03,1.787614E+03,1.007665E-01,1.669103E-01
06:50:00,1.849597E+03,3.545245E+03,9.544993E-02,3.353435E-01,3.031389E+03,2.920352E+03,1.564421E-01,2.767522E-01,1.899258E+03,2.748595E+03,9.801482E-02,2.609060E-01,2.906949E+03,3.023509E+03,1.500200E-01,2.863943E-01,1.894276E+03,2.049454E+03,9.775773E-02,1.942956E-01
07:00:00,1.692969E+03,4.015872E+03,8.736891E-02,3.837382E-01,2.943872E+03,3.318075E+03,1.519278E-01,3.175893E-01,1.840916E+03,3.084062E+03,9.500552E-02,2.968949E-01,2.819433E+03,3.412572E+03,1.455057E-01,3.267232E-01,1.835934E+03,2.300003E+03,9.474843E-02,2.205964E-01
07:10:00,1.692807E+03,3.715423E+03,8.736212E-02,3.639283E-01,2.943776E+03,3.103776E+03,1.519250E-01,3.040079E-01,1.840855E+03,2.983669E+03,9.500396E-02,2.922136E-01,2.819339E+03,3.175770E+03,1.455029E-01,3.110532E-01,1.835874E+03,2.147678E+03,9.474686E-02,2.103473E-01
07:20:00,1.692674E+03,3.568370E+03,8.735581E-02,3.496661E-01,2.943666E+03,2.992763E+03,1.519213E-01,2.932567E-01,1.840785E+03,2.935178E+03,9.500160E-02,2.876046E-01,2.819232E+03,3.049191E+03,1.454992E-01,2.987843E-01,1.835803E+03,2.061221E+03,9.474451E-02,2.019726E-01
07:30:00,1.692553E+03,3.464842E+03,8.735010E-02,3.395185E-01,2.943553E+03,2.920601E+03,1.519169E-01,2.861849E-01,1.840711E+03,2.909168E+03,9.499879E-02,2.850609E-01,2.819122E+03,2.964455E+03,1.454949E-01,2.904812E-01,1.835729E+03,2.002783E+03,9.474169E-02,1.962477E-01
07:40:00,1.692441E+03,3.382450E+03,8.734477E-02,3.314400E-01,2.943443E+03,2.866925E+03,1.519124E-01,2.809219E-01,1.840638E+03,2.889965E+03,9.499580E-02,2.831777E-01,2.819014E+03,2.900650E+03,1.454904E-01,2.842260E-01,1.835657E+03,1.958300E+03,9.473872E-02,1.918873E-01
07:50:00,1.692336E+03,3.316481E+03,8.733975E-02,3.249735E-01,2.943339E+03,2.826997E+03,1.519079E-01,2.770080E-01,1.840569E+03,2.874473E+03,9.499284E-02,2.816589E-01,2.818912E+03,2.852524E+03,1.454860E-01,2.795089E-01,1.835588E+03,1.924325E+03,9.473575E-02,1.885576E-01
08:00:00,1.692238E+03,3.263117E+03,8.733504E-02,3.197436E-01,2.943242E+03,2.797352E+03,1.519036E-01,2.741026E-01,1.840506E+03,2.860677E+03,9.498999E-02,2.803069E-01,2.818816E+03,2.816082E+03,1.454817E-01,2.759376E-01,1.835525E+03,1.898356E+03,9.473291E-02,1.860128E-01
08:10:00,1.692147E+03,3.219312E+03,8.733062E-02,3.154507E-01,2.943154E+03,2.775005E+03,1.518996E-01,2.719127E-01,1.840447E+03,2.847074E+03,9.498731E-02,2.789740E-01,2.818729E+03,2.788085E+03,1.454778E-01,2.731941E-01,1.835466E+03,1.878264E+03,9.473023E-02,1.840441E-01
08:20:00,1.692062E+03,3.182916E+03,8.732649E-02,3.118842E-01,2.943074E+03,2.758232E+03,1.518959E-01,2.702690E-01,1.840394E+03,2.832508E+03,9.498483E-02,2.775466E-01,2.818649E+03,2.766544E+03,1.454741E-01,2.710833E-01,1.835413E+03,1.862726E+03,9.472776E-02,1.825216E-01
08:30:00,1.691982E+03,3.152268E+03,8.732265E-02,3.088809E-01,2.943002E+03,2.745096E+03,1.518925E-01,2.689819E-01,1.840346E+03,2.816793E+03,9.498256E-02,2.760068E-01,2.818577E+03,2.749492E+03,1.454707E-01,2.694124E-01,1.835365E+03,1.850372E+03,9.472549E-02,1.813111E-01
08:40:00,1.691909E+03,3.126109E+03,8.731907E-02,3.063177E-01,2.942937E+03,2.735260E+03,1.518894E-01,2.680180E-01,1.840303E+03,2.798005E+03,9.498049E-02,2.741657E-01,2.818512E+03,2.736301E+03,1.454676E-01,2.681199E-01,1.835322E+03,1.840747E+03,9.472342E-02,1.803680E-01
08:50:00,1.691841E+03,3.103496E+03,8.731574E-02,3.041019E-01,2.942878E+03,2.728891E+03,1.518866E-01,2.673940E-01,1.840264E+03,2.772147E+03,9.497862E-02,2.716320E-01,2.818454E+03,2.726784E+03,1.454647E-01,2.671874E-01,1.835284E+03,1.833719E+03,9.472155E-02,1.796794E-01
09:00:00,1.691778E+03,3.083711E+03,8.731265E-02,3.021633E-01,2.942826E+03,2.725143E+03,1.518840E-01,2.670267E-01,1.840230E+03,2.739500E+03,9.497693E-02,2.684331E-01,2.818401E+03,2.720005E+03,1.454622E-01,2.665232E-01,1.835249E+03,1.828658E+03,9.471986E-02,1.791836E-01
09:10:00,1.691719E+03,3.066008E+03,8.730978E-02,3.004286E-01,2.942778E+03,2.723199E+03,1.518817E-01,2.668362E-01,1.840199E+03,2.699908E+03,9.497540E-02,2.645535E-01,2.818353E+03,2.715061E+03,1.454598E-01,2.660388E-01,1.835218E+03,1.824957E+03,9.471833E-02,1.788209E-01
09:20:00,1.691665E+03,3.049950E+03,8.730711E-02,2.988552E-01,2.942736E+03,2.722758E+03,1.518796E-01,2.667931E-01,1.840171E+03,2.653348E+03,9.497402E-02,2.599911E-01,2.818311E+03,2.711541E+03,1.454577E-01,2.656939E-01,1.835191E+03,1.822335E+03,9.471695E-02,1.785640E-01
09:30:00,1.691615E+03,3.035198E+03,8.730464E-02,2.974097E-01,2.942698E+03,2.723589E+03,1.518777E-01,2.668746E-01,1.840146E+03,2.599976E+03,9.497277E-02,2.547614E-01,2.818272E+03,2.709136E+03,1.454558E-01,2.654583E-01,1.835166E+03,1.820574E+03,9.471571E-02,1.783915E-01
09:40:00,1.691568E+03,3.021488E+03,8.730234E-02,2.960663E-01,2.942663E+03,2.725525E+03,1.518760E-01,2.670643E-01,1.840124E+03,2.540868E+03,9.497163E-02,2.489696E-01,2.818237E+03,2.707609E+03,1.454541E-01,2.653087E-01,1.835143E+03,1.819505E+03,9.471458E-02,1.782868E-01
09:50:00,1.691525E+03,3.008624E+03,8.730020E-02,2.948059E-01,2.942632E+03,2.727796E+03,1.518744E-01,2.672868E-01,1.840103E+03,2.480046E+03,9.497061E-02,2.430098E-01,2.818206E+03,2.706309E+03,1.454525E-01,2.651814E-01,1.835123E+03,1.818653E+03,9.471355E-02,1.782033E-01
10:00:00,1.691485E+03,2.996462E+03,8.729820E-02,2.936141E-01,2.942604E+03,2.730722E+03,1.518730E-01,2.675735E-01,1.840085E+03,2.417793E+03,9.496967E-02,2.369099E-01,2.818177E+03,2.705476E+03,1.454510E-01,2.650997E-01,1.835104E+03,1.818140E+03,9.471261E-02,1.781530E-01
10:10:00,1.691447E+03,2.984902E+03,8.729635E-02,2.924814E-01,2.942578E+03,2.734291E+03,1.518717E-01,2.679233E-01,1.840068E+03,2.355038E+03,9.496881E-02,2.307607E-01,2.818150E+03,2.705108E+03,1.454497E-01,2.650637E-01,1.835087E+03,1.817936E+03,9.471176E-02,1.781331E-01
10:20:00,1.691413E+03,2.973876E+03,8.729461E-02,2.914011E-01,2.942554E+03,2.738424E+03,1.518705E-01,2.683283E-01,1.840052E+03,2.293259E+03,9.496803E-02,2.247073E-01,2.818126E+03,2.705159E+03,1.454485E-01,2.650687E-01,1.835072E+03,1.817991E+03,9.471097E-02,1.781385E-01
10:30:00,1.691380E+03,2.963416E+03,8.729298E-02,2.903770E-01,2.942532E+03,2.743095E+03,1.518693E-01,2.687866E-01,1.840038E+03,2.234247E+03,9.496730E-02,2.189253E-01,2.818104E+03,2.705643E+03,1.454474E-01,2.651168E-01,1.835058E+03,1.818300E+03,9.471025E-02,1.781692E-01
10:40:00,1.691350E+03,2.953397E+03,8.729146E-02,2.893965E-01,2.942512E+03,2.748138E+03,1.518683E-01,2.692819E-01,1.840025E+03,2.179913E+03,9.496663E-02,2.136021E-01,2.818084E+03,2.706455E+03,1.454463E-01,2.651974E-01,1.835045E+03,1.818790E+03,9.470958E-02,1.782178E-01
10:50:00,1.691321E+03,2.943837E+03,8.729003E-02,2.884610E-01,2.942493E+03,2.753498E+03,1.518673E-01,2.698081E-01,1.840013E+03,2.133385E+03,9.496601E-02,2.090438E-01,2.818065E+03,2.707586E+03,1.454453E-01,2.653093E-01,1.835033E+03,1.819445E+03,9.470896E-02,1.782827E-01
11:00:00,1.691294E+03,2.934758E+03,8.728868E-02,2.875727E-01,2.942475E+03,2.759142E+03,1.518664E-01,2.703622E-01,1.840002E+03,2.095960E+03,9.496543E-02,2.053774E-01,2.818047E+03,2.709039E+03,1.454444E-01,2.654526E-01,1.835021E+03,1.820251E+03,9.470838E-02,1.783624E-01
11:10:00,1.691269E+03,2.926051E+03,8.728742E-02,2.867207E-01,2.942459E+03,2.764768E+03,1.518656E-01,2.709145E-01,1.839991E+03,2.067559E+03,9.496489E-02,2.025954E-01,2.818030E+03,2.710579E+03,1.454436E-01,2.656046E-01,1.835011E+03,1.821039E+03,9.470784E-02,1.784403E-01
11:20:00,1.691245E+03,2.917733E+03,8.728622E-02,2.859069E-01,2.942443E+03,2.770296E+03,1.518648E-01,2.714573E-01,1.839981E+03,2.047632E+03,9.496438E-02,2.006436E-01,2.818015E+03,2.712173E+03,1.454428E-01,2.657618E-01,1.835001E+03,1.821772E+03,9.470733E-02,1.785127E-01
11:30:00,1.691223E+03,2.909736E+03,8.728509E-02,2.851238E-01,2.942429E+03,2.775637E+03,1.518641E-01,2.719810E-01,1.839972E+03,2.035079E+03,9.496390E-02,1.994140E-01,2.818000E+03,2.713763E+03,1.454421E-01,2.659180E-01,1.834992E+03,1.822405E+03,9.470685E-02,1.785751E-01
11:40:00,1.691201E+03,2.902283E+03,8.728401E-02,2.843944E-01,2.942415E+03,2.780930E+03,1.518634E-01,2.725004E-01,1.839963E+03,2.028524E+03,9.496345E-02,1.987724E-01,2.817987E+03,2.715517E+03,1.454413E-01,2.660906E-01,1.834983E+03,1.823038E+03,9.470640E-02,1.786376E-01
11:50:00,1.691181E+03,2.895176E+03,8.728299E-02,2.837001E-01,2.942402E+03,2.786030E+03,1.518627E-01,2.730020E-01,1.839955E+03,2.025010E+03,9.496302E-02,1.984293E-01,2.817974E+03,2.717313E+03,1.454407E-01,2.662684E-01,1.834975E+03,1.823605E+03,9.470597E-02,1.786942E-01
12:00:00,1.691162E+03,2.888409E+03,8.728202E-02,2.830393E-01,2.942390E+03,2.790922E+03,1.518621E-01,2.734831E-01,1.839947E+03,2.023174E+03,9.496261E-02,1.982508E-01,2.817961E+03,2.719154E+03,1.454400E-01,2.664505E-01,1.834967E+03,1.824119E+03,9.470557E-02,1.787457E-01
12:10:00,1.691144E+03,2.882089E+03,8.728110E-02,2.824221E-01,2.942378E+03,2.795843E+03,1.518615E-01,2.739671E-01,1.839939E+03,2.022663E+03,9.496222E-02,1.982019E-01,2.817949E+03,2.721256E+03,1.454394E-01,2.666582E-01,1.834959E+03,1.824744E+03,9.470518E-02,1.788081E-01
12:20:00,1.691126E+03,2.876187E+03,8.728021E-02,2.818460E-01,2.942367E+03,2.800845E+03,1.518609E-01,2.744590E-01,1.839932E+03,2.023191E+03,9.496185E-02,1.982549E-01,2.817938E+03,2.723660E+03,1.454389E-01,2.668955E-01,1.834952E+03,1.825523E+03,9.470481E-02,1.788856E-01
12:30:00,1.691110E+03,2.870909E+03,8.727937E-02,2.813309E-01,2.942356E+03,2.806077E+03,1.518603E-01,2.749735E-01,1.839925E+03,2.024603E+03,9.496150E-02,1.983945E-01,2.817927E+03,2.726516E+03,1.454383E-01,2.671771E-01,1.834945E+03,1.826555E+03,9.470446E-02,1.789879E-01
12:40:00,1.691094E+03,2.865859E+03,8.727856E-02,2.808411E-01,2.942346E+03,2.811273E+03,1.518598E-01,2.754866E-01,1.839919E+03,2.026554E+03,9.496116E-02,1.985882E-01,2.817917E+03,2.729552E+03,1.454378E-01,2.674785E-01,1.834939E+03,1.827692E+03,9.470412E-02,1.791016E-01
12:50:00,1.691079E+03,2.861199E+03,8.727779E-02,2.803889E-01,2.942336E+03,2.816528E+03,1.518593E-01,2.760049E-01,1.839912E+03,2.028940E+03,9.496083E-02,1.988243E-01,2.817907E+03,2.732856E+03,1.454373E-01,2.678055E-01,1.834932E+03,1.828985E+03,9.470379E-02,1.792304E-01
13:00:00,1.691064E+03,2.856900E+03,8.727705E-02,2.799722E-01,2.942327E+03,2.821818E+03,1.518588E-01,2.765267E-01,1.839906E+03,2.031617E+03,9.496052E-02,1.990888E-01,2.817898E+03,2.736388E+03,1.454368E-01,2.681551E-01,1.834926E+03,1.832640E+03,9.470348E-02,1.795907E-01
13:10:00,1.691050E+03,2.852929E+03,8.727633E-02,2.795875E-01,2.942318E+03,2.827030E+03,1.518583E-01,2.770409E-01,1.839900E+03,2.034395E+03,9.496021E-02,1.993633E-01,2.817889E+03,2.740028E+03,1.454363E-01,2.685152E-01,1.834920E+03,1.841042E+03,9.470318E-02,1.804162E-01
13:20:00,1.691037E+03,2.849309E+03,8.727565E-02,2.792373E-01,2.942309E+03,2.832161E+03,1.518579E-01,2.775472E-01,1.839895E+03,2.037171E+03,9.495992E-02,1.996375E-01,2.817880E+03,2.743762E+03,1.454359E-01,2.688845E-01,1.834915E+03,1.856157E+03,9.470289E-02,1.818996E-01
13:30:00,1.691024E+03,2.845847E+03,8.727499E-02,2.789025E-01,2.942300E+03,2.837088E+03,1.518574E-01,2.780334E-01,1.839889E+03,2.039774E+03,9.495964E-02,1.998948E-01,2.817871E+03,2.747435E+03,1.454354E-01,2.692477E-01,1.834909E+03,1.879578E+03,9.470261E-02,1.841971E-01
13:40:00,1.691011E+03,2.842831E+03,8.727435E-02,2.786076E-01,2.942292E+03,2.842016E+03,1.518570E-01,2.785168E-01,1.839884E+03,2.042227E+03,9.495937E-02,2.001356E-01,2.817863E+03,2.751212E+03,1.454350E-01,2.696184E-01,1.834904E+03,1.912841E+03,9.470234E-02,1.874574E-01
13:50:00,1.690999E+03,2.840280E+03,8.727373E-02,2.783577E-01,2.942284E+03,2.846981E+03,1.518566E-01,2.790035E-01,1.839879E+03,2.044477E+03,9.495911E-02,2.003562E-01,2.817855E+03,2.755090E+03,1.454346E-01,2.699985E-01,1.834899E+03,1.957029E+03,9.470208E-02,1.917881E-01
14:00:00,1.690988E+03,2.838211E+03,8.727314E-02,2.781551E-01,2.942276E+03,2.852012E+03,1.518562E-01,2.794965E-01,1.839874E+03,2.046476E+03,9.495885E-02,2.005521E-01,2.817848E+03,2.759062E+03,1.454342E-01,2.703878E-01,1.834894E+03,2.010676E+03,9.470182E-02,1.970457E-01
14:10:00,1.690976E+03,2.836535E+03,8.727256E-02,2.779909E-01,2.942269E+03,2.856899E+03,1.518558E-01,2.799755E-01,1.839869E+03,2.048069E+03,9.495860E-02,2.007081E-01,2.817840E+03,2.762936E+03,1.454338E-01,2.707673E-01,1.834889E+03,2.071598E+03,9.470158E-02,2.030162E-01
14:20:00,1.690966E+03,2.835226E+03,8.727201E-02,2.778627E-01,2.942262E+03,2.861616E+03,1.518555E-01,2.804377E-01,1.839865E+03,2.049201E+03,9.495837E-02,2.008190E-01,2.817833E+03,2.766657E+03,1.454334E-01,2.711320E-01,1.834885E+03,2.138064E+03,9.470134E-02,2.095300E-01
14:30:00,1.690955E+03,2.834253E+03,8.727147E-02,2.777674E-01,2.942255E+03,2.866117E+03,1.518551E-01,2.808787E-01,1.839860E+03,2.049847E+03,9.495813E-02,2.008823E-01,2.817826E+03,2.770202E+03,1.454331E-01,2.714795E-01,1.834880E+03,2.208460E+03,9.470111E-02,2.164288E-01
14:40:00,1.690945E+03,2.833312E+03,8.727095E-02,2.776732E-01,2.942248E+03,2.870157E+03,1.518547E-01,2.812730E-01,1.839856E+03,2.049887E+03,9.495791E-02,2.008853E-01,2.817819E+03,2.773373E+03,1.454327E-01,2.717886E-01,1.834876E+03,2.281125E+03,9.470089E-02,2.235486E-01
14:50:00,1.690935E+03,2.832694E+03,8.727044E-02,2.776083E-01,2.942241E+03,2.873187E+03,1.518544E-01,2.815666E-01,1.839852E+03,2.049040E+03,9.495769E-02,2.008001E-01,2.817813E+03,2.775823E+03,1.454324E-01,2.720254E-01,1.834872E+03,2.356386E+03,9.470067E-02,2.309212E-01
15:00:00,1.690926E+03,2.832283E+03,8.726995E-02,2.775635E-01,2.942235E+03,2.875636E+03,1.518541E-01,2.818031E-01,1.839847E+03,2.047546E+03,9.495748E-02,2.006515E-01,2.817806E+03,2.777894E+03,1.454320E-01,2.722249E-01,1.834868E+03,2.431199E+03,9.470046E-02,2.382496E-01
15:10:00,1.690916E+03,2.831968E+03,8.726947E-02,2.775282E-01,2.942229E+03,2.877405E+03,1.518538E-01,2.819730E-01,1.839843E+03,2.045355E+03,9.495727E-02,2.004345E-01,2.817800E+03,2.779483E+03,1.454317E-01,2.723772E-01,1.834864E+03,2.502405E+03,9.470025E-02,2.452243E-01
15:20:00,1.690907E+03,2.831687E+03,8.726901E-02,2.774961E-01,2.942223E+03,2.878494E+03,1.518534E-01,2.820761E-01,1.839840E+03,2.042487E+03,9.495707E-02,2.001513E-01,2.817794E+03,2.780559E+03,1.454314E-01,2.724792E-01,1.834860E+03,2.568622E+03,9.470006E-02,2.517100E-01
15:30:00,1.690899E+03,2.831376E+03,8.726856E-02,2.774611E-01,2.942217E+03,2.878887E+03,1.518531E-01,2.821112E-01,1.839836E+03,2.038941E+03,9.495688E-02,1.998016E-01,2.817788E+03,2.781049E+03,1.454311E-01,2.725238E-01,1.834856E+03,2.628860E+03,9.469986E-02,2.576099E-01
15:40:00,1.690890E+03,2.831111E+03,8.726812E-02,2.774314E-01,2.942211E+03,2.878660E+03,1.518528E-01,2.820858E-01,1.839832E+03,2.034752E+03,9.495669E-02,1.993891E-01,2.817782E+03,2.780952E+03,1.454308E-01,2.725114E-01,1.834852E+03,2.682344E+03,9.469968E-02,2.628480E-01
15:50:00,1.690882E+03,2.830675E+03,8.726770E-02,2.773865E-01,2.942206E+03,2.878405E+03,1.518526E-01,2.820589E-01,1.839829E+03,2.030249E+03,9.495651E-02,1.989465E-01,2.817777E+03,2.780640E+03,1.454305E-01,2.724789E-01,1.834849E+03,2.726826E+03,9.469949E-02,2.672048E-01
16:00:00,1.690874E+03,2.830058E+03,8.726728E-02,2.773239E-01,2.942200E+03,2.877584E+03,1.518523E-01,2.819766E-01,1.839825E+03,2.025162E+03,9.495633E-02,1.984468E-01,2.817771E+03,2.779643E+03,1.454303E-01,2.723793E-01,1.834845E+03,2.763697E+03,9.469931E-02,2.708161E-01
16:10:00,1.690866E+03,2.829406E+03,8.726688E-02,2.772578E-01,2.942195E+03,2.875684E+03,1.518520E-01,2.817886E-01,1.839822E+03,2.019256E+03,9.495615E-02,1.978669E-01,2.817766E+03,2.777584E+03,1.454300E-01,2.721759E-01,1.834842E+03,2.795707E+03,9.469914E-02,2.739509E-01
16:20:00,1.690858E+03,2.828692E+03,8.726649E-02,2.771857E-01,2.942190E+03,2.873162E+03,1.518517E-01,2.815397E-01,1.839818E+03,2.012824E+03,9.495598E-02,1.972354E-01,2.817761E+03,2.774858E+03,1.454297E-01,2.719069E-01,1.834839E+03,2.822466E+03,9.469897E-02,2.765714E-01
16:30:00,1.690851E+03,2.827903E+03,8.726611E-02,2.771061E-01,2.942185E+03,2.869994E+03,1.518515E-01,2.812273E-01,1.839815E+03,2.005919E+03,9.495582E-02,1.965575E-01,2.817756E+03,2.771518E+03,1.454295E-01,2.715779E-01,1.834836E+03,2.843684E+03,9.469881E-02,2.786488E-01
16:40:00,1.690844E+03,2.827188E+03,8.726574E-02,2.770353E-01,2.942180E+03,2.866118E+03,1.518512E-01,2.808468E-01,1.839812E+03,1.998597E+03,9.495566E-02,1.958396E-01,2.817751E+03,2.767655E+03,1.454292E-01,2.711987E-01,1.834833E+03,2.858896E+03,9.469865E-02,2.801387E-01
16:50:00,1.690837E+03,2.826450E+03,8.726538E-02,2.769621E-01,2.942175E+03,2.861169E+03,1.518510E-01,2.803611E-01,1.839809E+03,1.990757E+03,9.495550E-02,1.950708E-01,2.817747E+03,2.763397E+03,1.454290E-01,2.707806E-01,1.834830E+03,2.866999E+03,9.469850E-02,2.809319E-01
17:00:00,1.690830E+03,2.826103E+03,8.726502E-02,2.769269E-01,2.942171E+03,2.855026E+03,1.518508E-01,2.797581E-01,1.839806E+03,1.982457E+03,9.495535E-02,1.942568E-01,2.817742E+03,2.759604E+03,1.454287E-01,2.704080E-01,1.834827E+03,2.867790E+03,9.469835E-02,2.810083E-01
17:10:00,1.690823E+03,2.826372E+03,8.726468E-02,2.769520E-01,2.942166E+03,2.848298E+03,1.518505E-01,2.790977E-01,1.839803E+03,1.974152E+03,9.495520E-02,1.934423E-01,2.817737E+03,2.757690E+03,1.454285E-01,2.702194E-01,1.834824E+03,2.860304E+03,9.469820E-02,2.802736E-01
17:20:00,1.690817E+03,2.827381E+03,8.726435E-02,2.770496E-01,2.942162E+03,2.840242E+03,1.518503E-01,2.783073E-01,1.839801E+03,1.965546E+03,9.495506E-02,1.925983E-01,2.817733E+03,2.757893E+03,1.454283E-01,2.702382E-01,1.834821E+03,2.844676E+03,9.469806E-02,2.787413E-01
17:30:00,1.690810E+03,2.829118E+03,8.726402E-02,2.772187E-01,2.942158E+03,2.830599E+03,1.518501E-01,2.773613E-01,1.839798E+03,1.956583E+03,9.495492E-02,1.917193E-01,2.817729E+03,2.760592E+03,1.454281E-01,2.705016E-01,1.834818E+03,2.820369E+03,9.469792E-02,2.763585E-01
17:40:00,1.690804E+03,2.831434E+03,8.726370E-02,2.774444E-01,2.942154E+03,2.819235E+03,1.518499E-01,2.762466E-01,1.839795E+03,1.947249E+03,9.495478E-02,1.908040E-01,2.817725E+03,2.765225E+03,1.454278E-01,2.709546E-01,1.834816E+03,2.786962E+03,9.469778E-02,2.730839E-01
17:50:00,1.690798E+03,2.834032E+03,8.726339E-02,2.776987E-01,2.942149E+03,2.806063E+03,1.518497E-01,2.749557E-01,1.839793E+03,1.937528E+03,9.495465E-02,1.898513E-01,2.817721E+03,2.770612E+03,1.454276E-01,2.714822E-01,1.834813E+03,2.744081E+03,9.469765E-02,2.688818E-01
18:00:00,1.690792E+03,2.836224E+03,8.726309E-02,2.779134E-01,2.942146E+03,2.790858E+03,1.518495E-01,2.734658E-01,1.839790E+03,1.927292E+03,9.495452E-02,1.888483E-01,2.817717E+03,2.774681E+03,1.454274E-01,2.718809E-01,1.834811E+03,2.690334E+03,9.469752E-02,2.636152E-01
18:10:00,1.847279E+03,2.837256E+03,9.533948E-02,2.780146E-01,3.029585E+03,2.772864E+03,1.563624E-01,2.717026E-01,1.898083E+03,1.916098E+03,9.796313E-02,1.877514E-01,2.905156E+03,2.773697E+03,1.499404E-01,2.717845E-01,1.893104E+03,2.622412E+03,9.770613E-02,2.569597E-01
18:20:00,2.003786E+03,2.836570E+03,1.034162E-01,2.779473E-01,3.117029E+03,2.752168E+03,1.608753E-01,2.696746E-01,1.956378E+03,1.903935E+03,1.009717E-01,1.865596E-01,2.992599E+03,2.765375E+03,1.544532E-01,2.709689E-01,1.951399E+03,2.539795E+03,1.007147E-01,2.488643E-01
18:30:00,2.160319E+03,2.833755E+03,1.114937E-01,2.776714E-01,3.204481E+03,2.728870E+03,1.653878E-01,2.673917E-01,2.014678E+03,1.890727E+03,1.039799E-01,1.852653E-01,3.080052E+03,2.746893E+03,1.589658E-01,2.691579E-01,2.009699E+03,2.442400E+03,1.037229E-01,2.393208E-01
18:40:00,2.316879E+03,2.828611E+03,1.195722E-01,2.771674E-01,3.291953E+03,2.703702E+03,1.699006E-01,2.649255E-01,2.072989E+03,1.876687E+03,1.069882E-01,1.838896E-01,3.167522E+03,2.719610E+03,1.634786E-01,2.664844E-01,2.068010E+03,2.337661E+03,1.067312E-01,2.290578E-01
18:50:00,2.473467E+03,2.821315E+03,1.276518E-01,2.764525E-01,3.379446E+03,2.677749E+03,1.744141E-01,2.623825E-01,2.131315E+03,1.862264E+03,1.099969E-01,1.824763E-01,3.255014E+03,2.687453E+03,1.679921E-01,2.633334E-01,2.126336E+03,2.235784E+03,1.097399E-01,2.190752E-01
19:00:00,2.630081E+03,2.812385E+03,1.357325E-01,2.755774E-01,3.466963E+03,2.651982E+03,1.789284E-01,2.598577E-01,2.189656E+03,1.847759E+03,1.130061E-01,1.810551E-01,3.342528E+03,2.652913E+03,1.725065E-01,2.599489E-01,2.184677E+03,2.142140E+03,1.127492E-01,2.098993E-01
19:10:00,2.630230E+03,2.802967E+03,1.357376E-01,2.746553E-01,3.467058E+03,2.628354E+03,1.789305E-01,2.575431E-01,2.189716E+03,1.834173E+03,1.130073E-01,1.797243E-01,3.342621E+03,2.620103E+03,1.725086E-01,2.567345E-01,2.184736E+03,2.062957E+03,1.127503E-01,2.021409E-01
19:20:00,2.630382E+03,2.793637E+03,1.357435E-01,2.737422E-01,3.467170E+03,2.607295E+03,1.789335E-01,2.554806E-01,2.189788E+03,1.821659E+03,1.130090E-01,1.784987E-01,3.342731E+03,2.591077E+03,1.725115E-01,2.538913E-01,2.184808E+03,2.001090E+03,1.127520E-01,1.960796E-01
19:30:00,2.630530E+03,2.785017E+03,1.357496E-01,2.728988E-01,3.467292E+03,2.589206E+03,1.789377E-01,2.537091E-01,2.189867E+03,1.810433E+03,1.130117E-01,1.773995E-01,3.342851E+03,2.568582E+03,1.725157E-01,2.516881E-01,2.184888E+03,1.959079E+03,1.127547E-01,1.919640E-01
19:40:00,2.630672E+03,2.777561E+03,1.357557E-01,2.721694E-01,3.467413E+03,2.573792E+03,1.789424E-01,2.521998E-01,2.189947E+03,1.800404E+03,1.130148E-01,1.764174E-01,3.342969E+03,2.552101E+03,1.725204E-01,2.500742E-01,2.184967E+03,1.931864E+03,1.127578E-01,1.892982E-01
19:50:00,2.630804E+03,2.771533E+03,1.357615E-01,2.715809E-01,3.467526E+03,2.560498E+03,1.789472E-01,2.508989E-01,2.190022E+03,1.791312E+03,1.130180E-01,1.755277E-01,3.343081E+03,2.538934E+03,1.725251E-01,2.487858E-01,2.185042E+03,1.911966E+03,1.127610E-01,1.873497E-01
20:00:00,2.630927E+03,2.766626E+03,1.357671E-01,2.711033E-01,3.467630E+03,2.548701E+03,1.789518E-01,2.497455E-01,2.190091E+03,1.782941E+03,1.130210E-01,1.747091E-01,3.343184E+03,2.527889E+03,1.725297E-01,2.477062E-01,2.185111E+03,1.896681E+03,1.127640E-01,1.858540E-01
20:10:00,2.631039E+03,2.762492E+03,1.357723E-01,2.707008E-01,3.467724E+03,2.537971E+03,1.789560E-01,2.486962E-01,2.190153E+03,1.775056E+03,1.130239E-01,1.739378E-01,3.343278E+03,2.518355E+03,1.725339E-01,2.467739E-01,2.185173E+03,1.884670E+03,1.127669E-01,1.846785E-01
20:20:00,2.631141E+03,2.759046E+03,1.357770E-01,2.703652E-01,3.467808E+03,2.528110E+03,1.789600E-01,2.477316E-01,2.190208E+03,1.767574E+03,1.130265E-01,1.732058E-01,3.343362E+03,2.510021E+03,1.725378E-01,2.459591E-01,2.185229E+03,1.875089E+03,1.127695E-01,1.837409E-01
20:30:00,2.631233E+03,2.756120E+03,1.357814E-01,2.700807E-01,3.467883E+03,2.518916E+03,1.789635E-01,2.468323E-01,2.190258E+03,1.760402E+03,1.130289E-01,1.725042E-01,3.343437E+03,2.502600E+03,1.725414E-01,2.452336E-01,2.185278E+03,1.867280E+03,1.127719E-01,1.829770E-01
20:40:00,2.631316E+03,2.753596E+03,1.357854E-01,2.698354E-01,3.467949E+03,2.510245E+03,1.789667E-01,2.459843E-01,2.190301E+03,1.753475E+03,1.130310E-01,1.718265E-01,3.343503E+03,2.495877E+03,1.725446E-01,2.445764E-01,2.185322E+03,1.860753E+03,1.127740E-01,1.823386E-01
20:50:00,2.631391E+03,2.751254E+03,1.357890E-01,2.696071E-01,3.468008E+03,2.501896E+03,1.789696E-01,2.451672E-01,2.190340E+03,1.746685E+03,1.130329E-01,1.711618E-01,3.343562E+03,2.489593E+03,1.725475E-01,2.439616E-01,2.185360E+03,1.855077E+03,1.127759E-01,1.817831E-01
21:00:00,2.631458E+03,2.749184E+03,1.357922E-01,2.694043E-01,3.468060E+03,2.493903E+03,1.789722E-01,2.443840E-01,2.190374E+03,1.740065E+03,1.130346E-01,1.705131E-01,3.343614E+03,2.483731E+03,1.725501E-01,2.433872E-01,2.185394E+03,1.850032E+03,1.127776E-01,1.812888E-01
21:10:00,2.631519E+03,2.747200E+03,1.357952E-01,2.692099E-01,3.468106E+03,2.485973E+03,1.789745E-01,2.436070E-01,2.190404E+03,1.733452E+03,1.130361E-01,1.698651E-01,3.343661E+03,2.477989E+03,1.725524E-01,2.428247E-01,2.185424E+03,1.845267E+03,1.127792E-01,1.808220E-01
21:20:00,2.631573E+03,2.745245E+03,1.357979E-01,2.690183E-01,3.468147E+03,2.478038E+03,1.789766E-01,2.428294E-01,2.190431E+03,1.726811E+03,1.130375E-01,1.692144E-01,3.343702E+03,2.472271E+03,1.725545E-01,2.422643E-01,2.185451E+03,1.840605E+03,1.127805E-01,1.803652E-01
21:30:00,2.631623E+03,2.743272E+03,1.358004E-01,2.688250E-01,3.468184E+03,2.470047E+03,1.789784E-01,2.420464E-01,2.190455E+03,1.720116E+03,1.130387E-01,1.685584E-01,3.343740E+03,2.466499E+03,1.725564E-01,2.416988E-01,2.185475E+03,1.835914E+03,1.127817E-01,1.799055E-01
21:40:00,2.631667E+03,2.741470E+03,1.358026E-01,2.686484E-01,3.468217E+03,2.462112E+03,1.789801E-01,2.412688E-01,2.190476E+03,1.713435E+03,1.130398E-01,1.679037E-01,3.343773E+03,2.460768E+03,1.725581E-01,2.411371E-01,2.185497E+03,1.831180E+03,1.127828E-01,1.794416E-01
21:50:00,2.631708E+03,2.739539E+03,1.358046E-01,2.684630E-01,3.468247E+03,2.454033E+03,1.789816E-01,2.404798E-01,2.190496E+03,1.706658E+03,1.130408E-01,1.672412E-01,3.343803E+03,2.454862E+03,1.725596E-01,2.405611E-01,2.185516E+03,1.826242E+03,1.127838E-01,1.789595E-01
22:00:00,2.631745E+03,2.737472E+03,1.358065E-01,2.682648E-01,3.468274E+03,2.445785E+03,1.789830E-01,2.396746E-01,2.190513E+03,1.699766E+03,1.130417E-01,1.665678E-01,3.343830E+03,2.448746E+03,1.725610E-01,2.399649E-01,2.185534E+03,1.821045E+03,1.127847E-01,1.784521E-01
22:10:00,2.631779E+03,2.280409E+03,1.358082E-01,2.234752E-01,3.468299E+03,2.034750E+03,1.789843E-01,1.993963E-01,2.190529E+03,1.413619E+03,1.130425E-01,1.385276E-01,3.343855E+03,2.038112E+03,1.725623E-01,1.997258E-01,2.185550E+03,1.515409E+03,1.127856E-01,1.485022E-01
22:20:00,2.631810E+03,1.823683E+03,1.358097E-01,1.787186E-01,3.468321E+03,1.625068E+03,1.789854E-01,1.592504E-01,2.190544E+03,1.134520E+03,1.130433E-01,1.110579E-01,3.343878E+03,1.628463E+03,1.725634E-01,1.595832E-01,2.185564E+03,1.230788E+03,1.127863E-01,1.201963E-01
22:30:00,2.631838E+03,1.367313E+03,1.358112E-01,1.339970E-01,3.468342E+03,1.233660E+03,1.789865E-01,1.205608E-01,2.190557E+03,8.857667E+02,1.130440E-01,8.595011E-02,3.343899E+03,1.238612E+03,1.725645E-01,1.210079E-01,2.185578E+03,9.768252E+02,1.127870E-01,9.426730E-02
22:40:00,2.631865E+03,9.369679E+02,1.358125E-01,9.129161E-02,3.468361E+03,8.647898E+02,1.789875E-01,8.361865E-02,2.190570E+03,6.468114E+02,1.130446E-01,6.162088E-02,3.343918E+03,8.707971E+02,1.725655E-01,8.413293E-02,2.185590E+03,7.330209E+02,1.127876E-01,6.913914E-02
22:50:00,2.631889E+03,5.240169E+02,1.358138E-01,4.992835E-02,3.468379E+03,5.078544E+02,1.789884E-01,4.762470E-02,2.190581E+03,4.155221E+02,1.130452E-01,3.790642E-02,3.343936E+03,5.138642E+02,1.725664E-01,4.811779E-02,2.185602E+03,4.965236E+02,1.127882E-01,4.459299E-02
23:00:00,2.631912E+03,1.219358E+02,1.358149E-01,9.412696E-03,3.468396E+03,1.594358E+02,1.789893E-01,1.231841E-02,2.190592E+03,1.902989E+02,1.130458E-01,1.468514E-02,3.343953E+03,1.661306E+02,1.725673E-01,1.283600E-02,2.185613E+03,2.655243E+02,1.127888E-01,2.049190E-02
23:10:00,2.631934E+03,1.820898E+02,1.358160E-01,1.405371E-02,3.468412E+03,2.211092E+02,1.789901E-01,1.707667E-02,2.190602E+03,2.490164E+02,1.130463E-01,1.921550E-02,3.343968E+03,2.301134E+02,1.725681E-01,1.777245E-02,2.185623E+03,3.383261E+02,1.127893E-01,2.610907E-02
23:20:00,2.631954E+03,2.483559E+02,1.358171E-01,1.916636E-02,3.468426E+03,2.874026E+02,1.789908E-01,2.219144E-02,2.190612E+03,3.042197E+02,1.130468E-01,2.347166E-02,3.343983E+03,2.989032E+02,1.725688E-01,2.307983E-02,2.185632E+03,3.939116E+02,1.127898E-01,3.039222E-02
23:30:00,2.631973E+03,3.193964E+02,1.358181E-01,2.464743E-02,3.468440E+03,3.403303E+02,1.789916E-01,2.625744E-02,2.190621E+03,3.323238E+02,1.130472E-01,2.564036E-02,3.343997E+03,3.528028E+02,1.725695E-01,2.721980E-02,2.185641E+03,4.223287E+02,1.127903E-01,3.258532E-02
23:40:00,2.631991E+03,3.684213E+02,1.358190E-01,2.842482E-02,3.468453E+03,3.749719E+02,1.789922E-01,2.893023E-02,2.190629E+03,3.533990E+02,1.130477E-01,2.726679E-02,3.344010E+03,3.887727E+02,1.725702E-01,2.999508E-02,2.185650E+03,4.436040E+02,1.127907E-01,3.422731E-02
23:50:00,2.632008E+03,4.037947E+02,1.358199E-01,3.115431E-02,3.468466E+03,4.014511E+02,1.789929E-01,3.097351E-02,2.190637E+03,3.691496E+02,1.130481E-01,2.848240E-02,3.344023E+03,4.174773E+02,1.725709E-01,3.221008E-02,2.185658E+03,4.603392E+02,1.127911E-01,3.551895E-02
24:00:00,2.632024E+03,4.312896E+02,1.358207E-01,3.327602E-02,3.468478E+03,4.227134E+02,1.789935E-01,3.261427E-02,2.190645E+03,3.811107E+02,1.130485E-01,2.940561E-02,3.344035E+03,4.403369E+02,1.725715E-01,3.397410E-02,2.185666E+03,4.740367E+02,1.127915E-01,3.657614E-02
Peak,2.632356E+03,4.015872E+03,1.358378E-01,3.837382E-01,3.468700E+03,3.318075E+03,1.790049E-01,3.175893E-01,2.190788E+03,3.084062E+03,1.130559E-01,2.968949E-01,3.344257E+03,3.412572E+03,1.725830E-01,3.267232E-01,2.185807E+03,2.867790E+03,1.127988E-01,2.810083E-01

Peak Vol Flow (m3/s),,,1.218694E-01,3.442780E-01,,,1.605977E-01,2.849312E-01,,,1.014302E-01,2.663649E-01,,,1.548361E-01,2.931259E-01,,,1.011996E-01,2.521119E-01
